SERVER-A|\\SHARE\images
SERVER-A|\\SHARE\documents
SERVER-A|\\SHARE\public
SERVER-A|\\SHARE\images
SERVER-A|\\SHARE\pipes
SERVER-A|\\SHARE\desktop
SERVER-A|\\SHARE\cars
SERVER-A|\\SHARE\failed
SERVER-A|\\SHARE\skiped
SERVER-A|\\SHARE\rescue
SERVER-A|\\SHARE\ignored
SERVER-A|\\SHARE\change
SERVER-A|\\SHARE\task
SERVER-A|\\SHARE\inventory
SERVER-A|\\SHARE\title
SERVER-A|\\SHARE\configuration
SERVER-A|\\SHARE\human_resources
SERVER-A|\\SHARE\database
SERVER-A|\\SHARE\groups
SERVER-A|\\SHARE\radeons
SERVER-A|\\SHARE\saves
SERVER-A|\\SHARE\explains
SERVER-A|\\SHARE\libraries
SERVER-A|\\SHARE\consoles
SERVER-A|\\SHARE\fonts
SERVER-A|\\SHARE\boot
SERVER-A|\\SHARE\details
SERVER-B|\\SHARE\public
SERVER-B|\\SHARE\documents
SERVER-B|\\SHARE\images
SERVER-B|\\SHARE\pipes
SERVER-B|\\SHARE\desktop
SERVER-B|\\SHARE\cars
SERVER-B|\\SHARE\failed
SERVER-B|\\SHARE\skiped
SERVER-B|\\SHARE\rescue
SERVER-B|\\SHARE\ignored
SERVER-B|\\SHARE\change
SERVER-B|\\SHARE\task
SERVER-B|\\SHARE\inventory
SERVER-B|\\SHARE\title
SERVER-B|\\SHARE\configuration
SERVER-B|\\SHARE\human_resources
SERVER-B|\\SHARE\database
SERVER-B|\\SHARE\groups
SERVER-B|\\SHARE\radeons
SERVER-B|\\SHARE\saves
SERVER-B|\\SHARE\explains
SERVER-B|\\SHARE\libraries
SERVER-B|\\SHARE\consoles
SERVER-B|\\SHARE\fonts
SERVER-B|\\SHARE\boot
SERVER-B|\\SHARE\details
SERVER-C|\\SHARE\public
SERVER-C|\\SHARE\documents
SERVER-C|\\SHARE\images
SERVER-C|\\SHARE\pipes
SERVER-C|\\SHARE\desktop
SERVER-C|\\SHARE\cars
SERVER-C|\\SHARE\failed
SERVER-C|\\SHARE\skiped
SERVER-C|\\SHARE\rescue
SERVER-C|\\SHARE\ignored
SERVER-C|\\SHARE\change
SERVER-C|\\SHARE\task
SERVER-C|\\SHARE\inventory
SERVER-C|\\SHARE\title
SERVER-C|\\SHARE\configuration
SERVER-C|\\SHARE\human_resources
SERVER-C|\\SHARE\database
SERVER-C|\\SHARE\groups
SERVER-C|\\SHARE\radeons
SERVER-C|\\SHARE\saves
SERVER-C|\\SHARE\explains
SERVER-C|\\SHARE\libraries
SERVER-C|\\SHARE\consoles
SERVER-C|\\SHARE\fonts
SERVER-C|\\SHARE\boot
SERVER-C|\\SHARE\details
SERVER-D|\\SHARE\public
SERVER-D|\\SHARE\documents
SERVER-D|\\SHARE\images
SERVER-D|\\SHARE\pipes
SERVER-D|\\SHARE\desktop
SERVER-D|\\SHARE\cars
SERVER-D|\\SHARE\failed
SERVER-D|\\SHARE\skiped
SERVER-D|\\SHARE\rescue
SERVER-D|\\SHARE\ignored
SERVER-D|\\SHARE\change
SERVER-D|\\SHARE\task
SERVER-D|\\SHARE\inventory
SERVER-D|\\SHARE\title
SERVER-D|\\SHARE\configuration
SERVER-D|\\SHARE\human_resources
SERVER-D|\\SHARE\database
SERVER-D|\\SHARE\groups
SERVER-D|\\SHARE\radeons
SERVER-D|\\SHARE\saves
SERVER-D|\\SHARE\explains
SERVER-D|\\SHARE\libraries
SERVER-D|\\SHARE\consoles
SERVER-D|\\SHARE\fonts
SERVER-D|\\SHARE\boot
SERVER-D|\\SHARE\details
SERVER-E|\\SHARE\public
SERVER-E|\\SHARE\documents
SERVER-E|\\SHARE\images
SERVER-E|\\SHARE\pipes
SERVER-E|\\SHARE\desktop
SERVER-E|\\SHARE\cars
SERVER-E|\\SHARE\failed
SERVER-E|\\SHARE\skiped
SERVER-E|\\SHARE\rescue
SERVER-E|\\SHARE\ignored
SERVER-E|\\SHARE\change
SERVER-E|\\SHARE\task
SERVER-E|\\SHARE\inventory
SERVER-E|\\SHARE\title
SERVER-E|\\SHARE\configuration
SERVER-E|\\SHARE\human_resources
SERVER-E|\\SHARE\database
SERVER-E|\\SHARE\groups
SERVER-E|\\SHARE\radeons
SERVER-E|\\SHARE\saves
SERVER-E|\\SHARE\explains
SERVER-E|\\SHARE\libraries
SERVER-E|\\SHARE\consoles
SERVER-E|\\SHARE\fonts
SERVER-E|\\SHARE\boot
SERVER-E|\\SHARE\details
